,NAME,FG%,FT%,3PM,REB,AST,STL,BLK,TO,PTS,SCORE
JaVale Vindicated Scoreboard Matchup 1 (Oct 17 - 22),Team Rocket (8-5),.4795,.7863,30,172,66,24,14,56,402,6-3-0
JaVale Vindicated Scoreboard Matchup 1 (Oct 17 - 22),The Dazzling Lobcity Stars (3-10),.5149,.7381,27,112,43,14,15,43,331,3-6-0
JaVale Vindicated Scoreboard Matchup 1 (Oct 17 - 22),Old City Irony (8-5),.5016,.8168,22,144,63,24,19,42,445,5-4-0
JaVale Vindicated Scoreboard Matchup 1 (Oct 17 - 22),Center City ABDs (5-8),.3880,.8710,25,153,57,23,12,31,273,4-5-0
JaVale Vindicated Scoreboard Matchup 1 (Oct 17 - 22),Nerlens Jazz (3-10),.4797,.7500,21,138,53,28,27,49,305,3-6-0
JaVale Vindicated Scoreboard Matchup 1 (Oct 17 - 22),Players Only Meeting (8-4-1),.4386,.8804,34,142,88,33,14,66,451,6-3-0
JaVale Vindicated Scoreboard Matchup 1 (Oct 17 - 22),Ithaca is Gorges (7-6),.4472,.8375,25,156,72,25,15,68,346,4-5-0
JaVale Vindicated Scoreboard Matchup 1 (Oct 17 - 22),Too Easy (9-4),.4375,.7541,42,161,105,20,14,61,382,5-4-0
JaVale Vindicated Scoreboard Matchup 1 (Oct 17 - 22),Mr Steal  Your Ball (4-7-2),.4866,.8161,42,148,86,33,16,52,477,6-3-0
JaVale Vindicated Scoreboard Matchup 1 (Oct 17 - 22),The Real Power (7-6),.4567,.8641,29,128,81,22,19,51,392,3-6-0
JaVale Vindicated Scoreboard Matchup 1 (Oct 17 - 22),Da Bulter is in Town (7-5-1),.4037,.7975,33,134,80,26,13,48,314,6-3-0
JaVale Vindicated Scoreboard Matchup 1 (Oct 17 - 22),Team Orbs (7-6),.4293,.7237,18,131,95,12,12,46,243,3-6-0

,NAME,FG%,FT%,3PM,REB,AST,STL,BLK,TO,PTS,SCORE
JaVale Vindicated Scoreboard Matchup 2 (Oct 23 - 29),The Dazzling Lobcity Stars (3-10),.4508,.6719,21,119,50,22,19,44,284,1-8-0
JaVale Vindicated Scoreboard Matchup 2 (Oct 23 - 29),Ithaca is Gorges (7-6),.4677,.7881,45,205,113,40,25,65,500,8-1-0
JaVale Vindicated Scoreboard Matchup 2 (Oct 23 - 29),Team Rocket (8-5),.4765,.6587,49,238,94,24,25,55,518,6-3-0
JaVale Vindicated Scoreboard Matchup 2 (Oct 23 - 29),Old City Irony (8-5),.4524,.7665,46,202,110,20,20,64,592,3-6-0
JaVale Vindicated Scoreboard Matchup 2 (Oct 23 - 29),Center City ABDs (5-8),.4542,.9194,39,87,64,28,6,59,334,3-5-1
JaVale Vindicated Scoreboard Matchup 2 (Oct 23 - 29),Nerlens Jazz (3-10),.5408,.8472,26,110,64,13,13,35,339,5-3-1
JaVale Vindicated Scoreboard Matchup 2 (Oct 23 - 29),Players Only Meeting (8-4-1),.4587,.7434,49,171,79,26,27,70,477,2-7-0
JaVale Vindicated Scoreboard Matchup 2 (Oct 23 - 29),Mr Steal  Your Ball (4-7-2),.4681,.7810,70,164,104,36,12,59,617,7-2-0
JaVale Vindicated Scoreboard Matchup 2 (Oct 23 - 29),Too Easy (9-4),.5000,.8214,39,178,120,35,26,84,476,8-1-0
JaVale Vindicated Scoreboard Matchup 2 (Oct 23 - 29),Da Bulter is in Town (7-5-1),.4235,.7600,33,172,103,22,17,73,369,1-8-0
JaVale Vindicated Scoreboard Matchup 2 (Oct 23 - 29),The Real Power (7-6),.4711,.8136,40,173,134,29,15,84,478,5-4-0
JaVale Vindicated Scoreboard Matchup 2 (Oct 23 - 29),Team Orbs (7-6),.5287,.7320,24,219,96,34,13,68,445,4-5-0

,NAME,FG%,FT%,3PM,REB,AST,STL,BLK,TO,PTS,SCORE
JaVale Vindicated Scoreboard Matchup 3 (Oct 30 - Nov 5),Da Bulter is in Town (7-5-1),.4882,.8049,58,206,109,24,20,70,569,8-1-0
JaVale Vindicated Scoreboard Matchup 3 (Oct 30 - Nov 5),The Dazzling Lobcity Stars (3-10),.5125,.7324,55,178,81,22,16,76,517,1-8-0
JaVale Vindicated Scoreboard Matchup 3 (Oct 30 - Nov 5),Old City Irony (8-5),.4821,.7977,62,213,106,30,24,84,630,7-2-0
JaVale Vindicated Scoreboard Matchup 3 (Oct 30 - Nov 5),Nerlens Jazz (3-10),.4739,.8659,29,122,81,19,12,55,336,2-7-0
JaVale Vindicated Scoreboard Matchup 3 (Oct 30 - Nov 5),Ithaca is Gorges (7-6),.4461,.6915,29,189,120,33,24,64,400,3-5-1
JaVale Vindicated Scoreboard Matchup 3 (Oct 30 - Nov 5),Team Rocket (8-5),.4601,.7372,38,232,119,32,24,74,545,5-3-1
JaVale Vindicated Scoreboard Matchup 3 (Oct 30 - Nov 5),Mr Steal  Your Ball (4-7-2),.4296,.8101,70,147,84,37,19,70,494,3-5-1
JaVale Vindicated Scoreboard Matchup 3 (Oct 30 - Nov 5),Center City ABDs (5-8),.4481,.8660,56,156,88,26,17,44,494,5-3-1
JaVale Vindicated Scoreboard Matchup 3 (Oct 30 - Nov 5),Team Orbs (7-6),.4861,.7712,39,215,91,22,18,58,480,4-5-0
JaVale Vindicated Scoreboard Matchup 3 (Oct 30 - Nov 5),Players Only Meeting (8-4-1),.4587,.8630,58,178,79,30,29,83,606,5-4-0
JaVale Vindicated Scoreboard Matchup 3 (Oct 30 - Nov 5),The Real Power (7-6),.5303,.7573,49,175,145,43,17,72,565,6-3-0
JaVale Vindicated Scoreboard Matchup 3 (Oct 30 - Nov 5),Too Easy (9-4),.5136,.6702,42,169,153,40,21,62,483,3-6-0

,NAME,FG%,FT%,3PM,REB,AST,STL,BLK,TO,PTS,SCORE
JaVale Vindicated Scoreboard Matchup 4 (Nov 6 - 12),The Dazzling Lobcity Stars (3-10),.4488,.8034,25,149,53,28,15,44,373,5-4-0
JaVale Vindicated Scoreboard Matchup 4 (Nov 6 - 12),The Real Power (7-6),.4331,.8265,31,128,76,24,14,57,384,4-5-0
JaVale Vindicated Scoreboard Matchup 4 (Nov 6 - 12),Ithaca is Gorges (7-6),.4430,.7232,31,200,119,30,28,69,392,4-5-0
JaVale Vindicated Scoreboard Matchup 4 (Nov 6 - 12),Old City Irony (8-5),.4548,.8240,30,203,69,18,26,67,475,5-4-0
JaVale Vindicated Scoreboard Matchup 4 (Nov 6 - 12),Nerlens Jazz (3-10),.4395,.8831,23,90,61,19,14,48,309,3-6-0
JaVale Vindicated Scoreboard Matchup 4 (Nov 6 - 12),Mr Steal  Your Ball (4-7-2),.4811,.7363,56,175,93,22,12,73,505,6-3-0
JaVale Vindicated Scoreboard Matchup 4 (Nov 6 - 12),Team Rocket (8-5),.4985,.7414,39,180,109,28,21,64,451,5-3-1
JaVale Vindicated Scoreboard Matchup 4 (Nov 6 - 12),Da Bulter is in Town (7-5-1),.4505,.7419,39,144,95,32,17,57,372,3-5-1
JaVale Vindicated Scoreboard Matchup 4 (Nov 6 - 12),Center City ABDs (5-8),.4377,.7333,27,163,59,25,22,53,381,1-8-0
JaVale Vindicated Scoreboard Matchup 4 (Nov 6 - 12),Team Orbs (7-6),.4870,.7717,37,176,99,38,13,52,509,8-1-0
JaVale Vindicated Scoreboard Matchup 4 (Nov 6 - 12),Players Only Meeting (8-4-1),.4403,.8000,51,186,97,40,19,59,509,7-2-0
JaVale Vindicated Scoreboard Matchup 4 (Nov 6 - 12),Too Easy (9-4),.4623,.7126,45,149,95,23,23,64,401,2-7-0

,NAME,FG%,FT%,3PM,REB,AST,STL,BLK,TO,PTS,SCORE
JaVale Vindicated Scoreboard Matchup 5 (Nov 13 - 19),Players Only Meeting (8-4-1),.4094,.8542,47,159,86,30,16,68,441,4-5-0
JaVale Vindicated Scoreboard Matchup 5 (Nov 13 - 19),The Dazzling Lobcity Stars (3-10),.4533,.6941,31,184,87,17,25,55,420,5-4-0
JaVale Vindicated Scoreboard Matchup 5 (Nov 13 - 19),Old City Irony (8-5),.4358,.8107,36,217,79,37,26,51,533,6-2-1
JaVale Vindicated Scoreboard Matchup 5 (Nov 13 - 19),Mr Steal  Your Ball (4-7-2),.4687,.7429,48,137,66,37,6,53,414,2-6-1
JaVale Vindicated Scoreboard Matchup 5 (Nov 13 - 19),Da Bulter is in Town (7-5-1),.4562,.9009,57,189,103,24,18,61,501,4-5-0
JaVale Vindicated Scoreboard Matchup 5 (Nov 13 - 19),Ithaca is Gorges (7-6),.4568,.7460,46,196,101,29,21,58,389,5-4-0
JaVale Vindicated Scoreboard Matchup 5 (Nov 13 - 19),Team Orbs (7-6),.4686,.8229,23,191,108,27,14,59,430,6-3-0
JaVale Vindicated Scoreboard Matchup 5 (Nov 13 - 19),Nerlens Jazz (3-10),.4618,.8023,28,119,95,31,11,51,351,3-6-0
JaVale Vindicated Scoreboard Matchup 5 (Nov 13 - 19),The Real Power (7-6),.4738,.7553,48,215,122,28,21,89,499,7-2-0
JaVale Vindicated Scoreboard Matchup 5 (Nov 13 - 19),Team Rocket (8-5),.4755,.7414,40,184,90,25,15,58,436,2-7-0
JaVale Vindicated Scoreboard Matchup 5 (Nov 13 - 19),Too Easy (9-4),.5013,.7907,44,197,132,33,27,64,536,7-2-0
JaVale Vindicated Scoreboard Matchup 5 (Nov 13 - 19),Center City ABDs (5-8),.4906,.7424,58,147,77,13,25,51,419,2-7-0

,NAME,FG%,FT%,3PM,REB,AST,STL,BLK,TO,PTS,SCORE
JaVale Vindicated Scoreboard Matchup 6 (Nov 20 - 26),Center City ABDs (5-8),.4530,.8684,39,118,83,27,12,45,365,5-4-0
JaVale Vindicated Scoreboard Matchup 6 (Nov 20 - 26),The Dazzling Lobcity Stars (3-10),.4313,.6753,32,181,91,28,29,51,360,4-5-0
JaVale Vindicated Scoreboard Matchup 6 (Nov 20 - 26),Da Bulter is in Town (7-5-1),.4595,.8082,45,136,98,33,13,53,410,5-4-0
JaVale Vindicated Scoreboard Matchup 6 (Nov 20 - 26),Old City Irony (8-5),.4550,.8197,38,175,97,20,18,67,502,4-5-0
JaVale Vindicated Scoreboard Matchup 6 (Nov 20 - 26),Mr Steal  Your Ball (4-7-2),.4382,.8116,36,147,69,38,20,66,390,3-6-0
JaVale Vindicated Scoreboard Matchup 6 (Nov 20 - 26),Team Orbs (7-6),.4636,.7736,38,225,109,35,14,59,464,6-3-0
JaVale Vindicated Scoreboard Matchup 6 (Nov 20 - 26),Ithaca is Gorges (7-6),.4625,.7889,32,151,71,16,13,46,387,3-6-0
JaVale Vindicated Scoreboard Matchup 6 (Nov 20 - 26),The Real Power (7-6),.4520,.7339,45,165,109,21,30,51,494,6-3-0
JaVale Vindicated Scoreboard Matchup 6 (Nov 20 - 26),Nerlens Jazz (3-10),.4863,.7162,36,112,69,33,11,65,373,1-8-0
JaVale Vindicated Scoreboard Matchup 6 (Nov 20 - 26),Too Easy (9-4),.4784,.7722,40,148,84,34,19,56,433,8-1-0
JaVale Vindicated Scoreboard Matchup 6 (Nov 20 - 26),Team Rocket (8-5),.4535,.7557,44,251,99,21,24,75,557,4-5-0
JaVale Vindicated Scoreboard Matchup 6 (Nov 20 - 26),Players Only Meeting (8-4-1),.4129,.8289,61,158,104,50,18,70,508,5-4-0

,NAME,FG%,FT%,3PM,REB,AST,STL,BLK,TO,PTS,SCORE
JaVale Vindicated Scoreboard Matchup 7 (Nov 27 - Dec 3),The Dazzling Lobcity Stars (3-10),.4986,.7540,43,154,105,17,24,57,504,6-3-0
JaVale Vindicated Scoreboard Matchup 7 (Nov 27 - Dec 3),Nerlens Jazz (3-10),.4954,.8487,36,103,96,25,14,47,461,3-6-0
JaVale Vindicated Scoreboard Matchup 7 (Nov 27 - Dec 3),Old City Irony (8-5),.4759,.7638,35,129,75,31,15,38,468,4-5-0
JaVale Vindicated Scoreboard Matchup 7 (Nov 27 - Dec 3),Team Orbs (7-6),.4592,.7087,41,181,103,33,19,71,452,5-4-0
JaVale Vindicated Scoreboard Matchup 7 (Nov 27 - Dec 3),The Real Power (7-6),.4894,.7426,44,149,152,26,16,55,487,6-3-0
JaVale Vindicated Scoreboard Matchup 7 (Nov 27 - Dec 3),Da Bulter is in Town (7-5-1),.4693,.8571,39,147,98,30,11,53,405,3-6-0
JaVale Vindicated Scoreboard Matchup 7 (Nov 27 - Dec 3),Too Easy (9-4),.4528,.7329,48,206,101,37,26,80,539,6-3-0
JaVale Vindicated Scoreboard Matchup 7 (Nov 27 - Dec 3),Mr Steal  Your Ball (4-7-2),.4682,.8030,41,129,77,20,14,45,462,3-6-0
JaVale Vindicated Scoreboard Matchup 7 (Nov 27 - Dec 3),Players Only Meeting (8-4-1),.4441,.8241,52,120,85,15,8,49,451,4-5-0
JaVale Vindicated Scoreboard Matchup 7 (Nov 27 - Dec 3),Ithaca is Gorges (7-6),.4565,.8205,48,214,88,28,15,57,448,5-4-0
JaVale Vindicated Scoreboard Matchup 7 (Nov 27 - Dec 3),Center City ABDs (5-8),.5235,.8161,55,131,77,30,20,63,482,6-2-1
JaVale Vindicated Scoreboard Matchup 7 (Nov 27 - Dec 3),Team Rocket (8-5),.5018,.8675,41,131,66,20,19,48,387,2-6-1

,NAME,FG%,FT%,3PM,REB,AST,STL,BLK,TO,PTS,SCORE
JaVale Vindicated Scoreboard Matchup 8 (Dec 4 - 10),Mr Steal  Your Ball (4-7-2),.4570,.7320,65,183,74,39,20,60,540,5-4-0
JaVale Vindicated Scoreboard Matchup 8 (Dec 4 - 10),The Dazzling Lobcity Stars (3-10),.4735,.7846,50,176,103,28,31,67,459,4-5-0
JaVale Vindicated Scoreboard Matchup 8 (Dec 4 - 10),The Real Power (7-6),.4554,.8205,39,162,102,20,17,52,399,2-7-0
JaVale Vindicated Scoreboard Matchup 8 (Dec 4 - 10),Old City Irony (8-5),.4692,.8521,44,212,106,33,16,65,561,7-2-0
JaVale Vindicated Scoreboard Matchup 8 (Dec 4 - 10),Team Orbs (7-6),.4481,.7941,29,171,114,19,8,59,465,2-7-0
JaVale Vindicated Scoreboard Matchup 8 (Dec 4 - 10),Too Easy (9-4),.5169,.8072,42,157,124,27,32,60,475,7-2-0
JaVale Vindicated Scoreboard Matchup 8 (Dec 4 - 10),Da Bulter is in Town (7-5-1),.4935,.7863,46,164,81,28,14,38,516,7-2-0
JaVale Vindicated Scoreboard Matchup 8 (Dec 4 - 10),Players Only Meeting (8-4-1),.4111,.7416,25,114,47,30,15,51,327,2-7-0
JaVale Vindicated Scoreboard Matchup 8 (Dec 4 - 10),Ithaca is Gorges (7-6),.4894,.6421,46,224,101,26,15,59,477,1-8-0
JaVale Vindicated Scoreboard Matchup 8 (Dec 4 - 10),Center City ABDs (5-8),.4955,.7907,62,159,117,29,16,55,602,8-1-0
JaVale Vindicated Scoreboard Matchup 8 (Dec 4 - 10),Nerlens Jazz (3-10),.4725,.7685,40,145,87,27,19,49,467,2-6-1
JaVale Vindicated Scoreboard Matchup 8 (Dec 4 - 10),Team Rocket (8-5),.4480,.7232,53,187,106,33,19,45,522,6-2-1

,NAME,FG%,FT%,3PM,REB,AST,STL,BLK,TO,PTS,SCORE
JaVale Vindicated Scoreboard Matchup 9 (Dec 11 - 17),The Dazzling Lobcity Stars (3-10),.4679,.7000,38,131,73,23,18,42,379,4-5-0
JaVale Vindicated Scoreboard Matchup 9 (Dec 11 - 17),Team Orbs (7-6),.4331,.7068,21,206,124,28,12,50,445,5-4-0
JaVale Vindicated Scoreboard Matchup 9 (Dec 11 - 17),Old City Irony (8-5),.4667,.7652,44,197,84,36,16,48,537,8-1-0
JaVale Vindicated Scoreboard Matchup 9 (Dec 11 - 17),Too Easy (9-4),.4568,.8621,27,89,79,7,9,50,299,1-8-0
JaVale Vindicated Scoreboard Matchup 9 (Dec 11 - 17),Players Only Meeting (8-4-1),.4656,.8542,54,154,84,24,29,62,433,6-3-0
JaVale Vindicated Scoreboard Matchup 9 (Dec 11 - 17),The Real Power (7-6),.4716,.7579,34,144,136,22,17,55,422,3-6-0
JaVale Vindicated Scoreboard Matchup 9 (Dec 11 - 17),Center City ABDs (5-8),.4325,.8387,46,134,99,28,11,40,438,2-7-0
JaVale Vindicated Scoreboard Matchup 9 (Dec 11 - 17),Da Bulter is in Town (7-5-1),.4347,.7521,53,174,105,38,13,61,490,7-2-0
JaVale Vindicated Scoreboard Matchup 9 (Dec 11 - 17),Team Rocket (8-5),.4672,.7248,37,200,116,42,24,55,458,7-2-0
JaVale Vindicated Scoreboard Matchup 9 (Dec 11 - 17),Mr Steal  Your Ball (4-7-2),.4500,.7568,44,145,80,27,17,77,424,2-7-0
JaVale Vindicated Scoreboard Matchup 9 (Dec 11 - 17),Nerlens Jazz (3-10),.4441,.8276,32,135,93,25,13,61,414,1-7-1
JaVale Vindicated Scoreboard Matchup 9 (Dec 11 - 17),Ithaca is Gorges (7-6),.4472,.7041,47,187,111,38,27,61,438,7-1-1

,NAME,FG%,FT%,3PM,REB,AST,STL,BLK,TO,PTS,SCORE
JaVale Vindicated Scoreboard Matchup 10 (Dec 18 - 24),Too Easy (9-4),.4514,.7732,63,188,121,38,22,80,528,8-1-0
JaVale Vindicated Scoreboard Matchup 10 (Dec 18 - 24),The Dazzling Lobcity Stars (3-10),.4098,.6951,24,155,82,27,13,35,349,1-8-0
JaVale Vindicated Scoreboard Matchup 10 (Dec 18 - 24),Players Only Meeting (8-4-1),.4518,.7778,59,173,89,44,20,58,499,5-4-0
JaVale Vindicated Scoreboard Matchup 10 (Dec 18 - 24),Old City Irony (8-5),.4932,.8193,45,185,114,25,14,63,473,4-5-0
JaVale Vindicated Scoreboard Matchup 10 (Dec 18 - 24),The Real Power (7-6),.4812,.8095,40,122,111,27,14,60,466,4-5-0
JaVale Vindicated Scoreboard Matchup 10 (Dec 18 - 24),Center City ABDs (5-8),.4789,.8750,48,130,106,25,16,43,465,5-4-0
JaVale Vindicated Scoreboard Matchup 10 (Dec 18 - 24),Team Orbs (7-6),.5442,.8131,30,199,106,27,20,63,499,5-4-0
JaVale Vindicated Scoreboard Matchup 10 (Dec 18 - 24),Team Rocket (8-5),.4754,.7647,45,153,107,26,21,60,484,4-5-0
JaVale Vindicated Scoreboard Matchup 10 (Dec 18 - 24),Da Bulter is in Town (7-5-1),.4524,.8018,55,173,105,30,22,70,486,5-4-0
JaVale Vindicated Scoreboard Matchup 10 (Dec 18 - 24),Nerlens Jazz (3-10),.4678,.8493,37,152,74,23,19,44,495,4-5-0
JaVale Vindicated Scoreboard Matchup 10 (Dec 18 - 24),Mr Steal  Your Ball (4-7-2),.4429,.7711,22,130,80,30,14,43,334,1-7-1
JaVale Vindicated Scoreboard Matchup 10 (Dec 18 - 24),Ithaca is Gorges (7-6),.4653,.8194,53,170,103,30,17,71,420,7-1-1

,NAME,FG%,FT%,3PM,REB,AST,STL,BLK,TO,PTS,SCORE
JaVale Vindicated Scoreboard Matchup 11 (Dec 25 - 31),Old City Irony (8-5),.4883,.7750,32,172,81,21,27,61,501,5-4-0
JaVale Vindicated Scoreboard Matchup 11 (Dec 25 - 31),The Dazzling Lobcity Stars (3-10),.4895,.6737,44,125,83,15,15,46,434,4-5-0
JaVale Vindicated Scoreboard Matchup 11 (Dec 25 - 31),Center City ABDs (5-8),.4110,.8208,59,141,104,24,14,60,474,3-6-0
JaVale Vindicated Scoreboard Matchup 11 (Dec 25 - 31),Players Only Meeting (8-4-1),.4748,.8189,68,171,97,28,35,64,586,6-3-0
JaVale Vindicated Scoreboard Matchup 11 (Dec 25 - 31),Team Rocket (8-5),.4613,.7174,43,157,95,21,14,43,431,2-7-0
JaVale Vindicated Scoreboard Matchup 11 (Dec 25 - 31),Too Easy (9-4),.4409,.7500,66,208,155,26,24,85,562,7-2-0
JaVale Vindicated Scoreboard Matchup 11 (Dec 25 - 31),Nerlens Jazz (3-10),.4886,.8841,42,160,103,35,19,58,508,7-2-0
JaVale Vindicated Scoreboard Matchup 11 (Dec 25 - 31),The Real Power (7-6),.4710,.7816,23,159,104,29,12,47,383,2-7-0
JaVale Vindicated Scoreboard Matchup 11 (Dec 25 - 31),Ithaca is Gorges (7-6),.5140,.7900,57,218,148,37,35,61,540,7-2-0
JaVale Vindicated Scoreboard Matchup 11 (Dec 25 - 31),Team Orbs (7-6),.4909,.8175,31,177,103,22,14,51,512,2-7-0
JaVale Vindicated Scoreboard Matchup 11 (Dec 25 - 31),Mr Steal  Your Ball (4-7-2),.4708,.8267,35,152,85,27,18,32,371,4-4-1
JaVale Vindicated Scoreboard Matchup 11 (Dec 25 - 31),Da Bulter is in Town (7-5-1),.4225,.7955,49,128,91,28,18,40,470,4-4-1

,NAME,FG%,FT%,3PM,REB,AST,STL,BLK,TO,PTS,SCORE
JaVale Vindicated Scoreboard Matchup 12 (Jan 1 - 7),The Dazzling Lobcity Stars (3-10),.4406,.7407,30,135,71,29,16,46,342,3-6-0
JaVale Vindicated Scoreboard Matchup 12 (Jan 1 - 7),Team Rocket (8-5),.4497,.7912,39,146,113,23,14,53,415,6-3-0
JaVale Vindicated Scoreboard Matchup 12 (Jan 1 - 7),Center City ABDs (5-8),.4220,.8898,40,111,89,23,15,67,445,1-8-0
JaVale Vindicated Scoreboard Matchup 12 (Jan 1 - 7),Old City Irony (8-5),.5062,.7500,41,161,113,32,19,60,531,8-1-0
JaVale Vindicated Scoreboard Matchup 12 (Jan 1 - 7),Players Only Meeting (8-4-1),.4516,.8652,57,157,79,29,20,61,470,5-3-1
JaVale Vindicated Scoreboard Matchup 12 (Jan 1 - 7),Nerlens Jazz (3-10),.4887,.8966,33,135,105,24,20,65,439,3-5-1
JaVale Vindicated Scoreboard Matchup 12 (Jan 1 - 7),Too Easy (9-4),.4454,.6897,40,160,98,22,21,56,402,6-3-0
JaVale Vindicated Scoreboard Matchup 12 (Jan 1 - 7),Ithaca is Gorges (7-6),.4407,.8313,25,166,82,25,14,57,354,3-6-0
JaVale Vindicated Scoreboard Matchup 12 (Jan 1 - 7),The Real Power (7-6),.5042,.7982,50,185,101,36,23,58,503,7-2-0
JaVale Vindicated Scoreboard Matchup 12 (Jan 1 - 7),Mr Steal  Your Ball (4-7-2),.4906,.8542,30,118,61,27,15,38,331,2-7-0
JaVale Vindicated Scoreboard Matchup 12 (Jan 1 - 7),Team Orbs (7-6),.5000,.8333,35,177,114,23,6,56,497,6-3-0
JaVale Vindicated Scoreboard Matchup 12 (Jan 1 - 7),Da Bulter is in Town (7-5-1),.4677,.8776,22,89,46,13,7,18,239,3-6-0

,NAME,FG%,FT%,3PM,REB,AST,STL,BLK,TO,PTS,SCORE
JaVale Vindicated Scoreboard Matchup 13 (Jan 8 - 14),Ithaca is Gorges (7-6),.5065,.7113,38,211,137,41,30,88,499,7-2-0
JaVale Vindicated Scoreboard Matchup 13 (Jan 8 - 14),The Dazzling Lobcity Stars (3-10),.4759,.7313,37,126,65,26,6,55,362,2-7-0
JaVale Vindicated Scoreboard Matchup 13 (Jan 8 - 14),Old City Irony (8-5),.4495,.8397,32,157,112,35,15,56,498,4-5-0
JaVale Vindicated Scoreboard Matchup 13 (Jan 8 - 14),Team Rocket (8-5),.4817,.7130,37,191,90,27,24,53,461,5-4-0
JaVale Vindicated Scoreboard Matchup 13 (Jan 8 - 14),Nerlens Jazz (3-10),.5026,.8190,59,140,98,42,15,65,537,5-4-0
JaVale Vindicated Scoreboard Matchup 13 (Jan 8 - 14),Center City ABDs (5-8),.4274,.8241,30,147,89,30,18,61,419,4-5-0
JaVale Vindicated Scoreboard Matchup 13 (Jan 8 - 14),Mr Steal  Your Ball (4-7-2),.4653,.7342,40,174,60,31,24,50,406,4-4-1
JaVale Vindicated Scoreboard Matchup 13 (Jan 8 - 14),Players Only Meeting (8-4-1),.4394,.7692,47,148,58,31,26,56,465,4-4-1
JaVale Vindicated Scoreboard Matchup 13 (Jan 8 - 14),Da Bulter is in Town (7-5-1),.4286,.8364,29,131,73,25,5,40,303,5-4-0
JaVale Vindicated Scoreboard Matchup 13 (Jan 8 - 14),Too Easy (9-4),.4180,.8409,18,127,79,15,15,30,269,4-5-0
JaVale Vindicated Scoreboard Matchup 13 (Jan 8 - 14),Team Orbs (7-6),.4357,.7451,25,173,115,23,14,53,433,2-7-0
JaVale Vindicated Scoreboard Matchup 13 (Jan 8 - 14),The Real Power (7-6),.4605,.7669,44,183,109,34,20,62,496,7-2-0

,NAME,FG%,FT%,3PM,REB,AST,STL,BLK,TO,PTS,SCORE
JaVale Vindicated Scoreboard Matchup 14 (Jan 15 - 21),The Dazzling Lobcity Stars (3-10),.4531,.8438,11,49,45,3,6,20,154,6-3-0
JaVale Vindicated Scoreboard Matchup 14 (Jan 15 - 21),Da Bulter is in Town (7-5-1),.4898,.8000,13,33,16,11,3,27,133,3-6-0
JaVale Vindicated Scoreboard Matchup 14 (Jan 15 - 21),Nerlens Jazz (3-10),.4667,.7612,16,90,67,18,8,32,249,5-2-2
JaVale Vindicated Scoreboard Matchup 14 (Jan 15 - 21),Old City Irony (8-5),.4414,.6719,15,107,59,13,8,32,254,2-5-2
JaVale Vindicated Scoreboard Matchup 14 (Jan 15 - 21),Team Rocket (8-5),.4920,.8049,22,93,49,13,16,24,239,3-6-0
JaVale Vindicated Scoreboard Matchup 14 (Jan 15 - 21),Ithaca is Gorges (7-6),.4505,.8308,29,101,55,21,11,30,265,6-3-0
JaVale Vindicated Scoreboard Matchup 14 (Jan 15 - 21),Center City ABDs (5-8),.4863,.8462,24,65,51,16,13,19,246,5-3-1
JaVale Vindicated Scoreboard Matchup 14 (Jan 15 - 21),Mr Steal  Your Ball (4-7-2),.4378,.7447,24,86,42,27,14,40,235,3-5-1
JaVale Vindicated Scoreboard Matchup 14 (Jan 15 - 21),Players Only Meeting (8-4-1),.4728,.8406,32,86,35,26,15,23,316,8-1-0
JaVale Vindicated Scoreboard Matchup 14 (Jan 15 - 21),Team Orbs (7-6),.4211,.6780,11,81,57,12,4,39,195,1-8-0
JaVale Vindicated Scoreboard Matchup 14 (Jan 15 - 21),Too Easy (9-4),.4128,.7778,24,83,49,10,9,42,208,2-7-0
JaVale Vindicated Scoreboard Matchup 14 (Jan 15 - 21),The Real Power (7-6),.4503,.7547,21,109,59,20,13,34,233,7-2-0

,NAME,FG%,FT%,3PM,REB,AST,STL,BLK,TO,PTS,SCORE
JaVale Vindicated Scoreboard Matchup 15 (Jan 22 - 28),The Real Power (7-6),.0000,.0000,0,0,0,0,0,0,0,0-0-9
JaVale Vindicated Scoreboard Matchup 15 (Jan 22 - 28),The Dazzling Lobcity Stars (3-10),.0000,.0000,0,0,0,0,0,0,0,0-0-9
JaVale Vindicated Scoreboard Matchup 15 (Jan 22 - 28),Old City Irony (8-5),.0000,.0000,0,0,0,0,0,0,0,0-0-9
JaVale Vindicated Scoreboard Matchup 15 (Jan 22 - 28),Ithaca is Gorges (7-6),.0000,.0000,0,0,0,0,0,0,0,0-0-9
JaVale Vindicated Scoreboard Matchup 15 (Jan 22 - 28),Mr Steal  Your Ball (4-7-2),.0000,.0000,0,0,0,0,0,0,0,0-0-9
JaVale Vindicated Scoreboard Matchup 15 (Jan 22 - 28),Nerlens Jazz (3-10),.0000,.0000,0,0,0,0,0,0,0,0-0-9
JaVale Vindicated Scoreboard Matchup 15 (Jan 22 - 28),Da Bulter is in Town (7-5-1),.0000,.0000,0,0,0,0,0,0,0,0-0-9
JaVale Vindicated Scoreboard Matchup 15 (Jan 22 - 28),Team Rocket (8-5),.0000,.0000,0,0,0,0,0,0,0,0-0-9
JaVale Vindicated Scoreboard Matchup 15 (Jan 22 - 28),Team Orbs (7-6),.0000,.0000,0,0,0,0,0,0,0,0-0-9
JaVale Vindicated Scoreboard Matchup 15 (Jan 22 - 28),Center City ABDs (5-8),.0000,.0000,0,0,0,0,0,0,0,0-0-9
JaVale Vindicated Scoreboard Matchup 15 (Jan 22 - 28),Too Easy (9-4),.0000,.0000,0,0,0,0,0,0,0,0-0-9
JaVale Vindicated Scoreboard Matchup 15 (Jan 22 - 28),Players Only Meeting (8-4-1),.0000,.0000,0,0,0,0,0,0,0,0-0-9

,NAME,FG%,FT%,3PM,REB,AST,STL,BLK,TO,PTS,SCORE
JaVale Vindicated Scoreboard Matchup 16 (Jan 29 - Feb 4),The Dazzling Lobcity Stars (3-10),.0000,.0000,0,0,0,0,0,0,0,0-0-9
JaVale Vindicated Scoreboard Matchup 16 (Jan 29 - Feb 4),Players Only Meeting (8-4-1),.0000,.0000,0,0,0,0,0,0,0,0-0-9
JaVale Vindicated Scoreboard Matchup 16 (Jan 29 - Feb 4),Mr Steal  Your Ball (4-7-2),.0000,.0000,0,0,0,0,0,0,0,0-0-9
JaVale Vindicated Scoreboard Matchup 16 (Jan 29 - Feb 4),Old City Irony (8-5),.0000,.0000,0,0,0,0,0,0,0,0-0-9
JaVale Vindicated Scoreboard Matchup 16 (Jan 29 - Feb 4),Ithaca is Gorges (7-6),.0000,.0000,0,0,0,0,0,0,0,0-0-9
JaVale Vindicated Scoreboard Matchup 16 (Jan 29 - Feb 4),Da Bulter is in Town (7-5-1),.0000,.0000,0,0,0,0,0,0,0,0-0-9
JaVale Vindicated Scoreboard Matchup 16 (Jan 29 - Feb 4),Nerlens Jazz (3-10),.0000,.0000,0,0,0,0,0,0,0,0-0-9
JaVale Vindicated Scoreboard Matchup 16 (Jan 29 - Feb 4),Team Orbs (7-6),.0000,.0000,0,0,0,0,0,0,0,0-0-9
JaVale Vindicated Scoreboard Matchup 16 (Jan 29 - Feb 4),Team Rocket (8-5),.0000,.0000,0,0,0,0,0,0,0,0-0-9
JaVale Vindicated Scoreboard Matchup 16 (Jan 29 - Feb 4),The Real Power (7-6),.0000,.0000,0,0,0,0,0,0,0,0-0-9
JaVale Vindicated Scoreboard Matchup 16 (Jan 29 - Feb 4),Center City ABDs (5-8),.0000,.0000,0,0,0,0,0,0,0,0-0-9
JaVale Vindicated Scoreboard Matchup 16 (Jan 29 - Feb 4),Too Easy (9-4),.0000,.0000,0,0,0,0,0,0,0,0-0-9

