,index,Week Name,Matchup Number,NAME,FGP,FTP,3PM,REB,AST,STL,BLK,TO,PTS,SCORE,WEEK_NUM,Week_WL
0,0,JaVale Vindicated Scoreboard Matchup 1 (Oct 17 - 22),1,Team Rocket (13-6),0.4795,0.7863,30,172,66,24,14,56,402,6-3-0,1,1
1,1,JaVale Vindicated Scoreboard Matchup 1 (Oct 17 - 22),1,The Dazzling Lobcity Stars (4-15),0.5149,0.7381,27,112,43,14,15,43,331,3-6-0,1,-1
2,2,JaVale Vindicated Scoreboard Matchup 1 (Oct 17 - 22),2,Old City Irony (11-7-1),0.5016,0.8168,22,144,63,24,19,42,445,5-4-0,1,1
3,3,JaVale Vindicated Scoreboard Matchup 1 (Oct 17 - 22),2,Center City ABDs (7-12),0.388,0.871,25,153,57,23,12,31,273,4-5-0,1,-1
4,4,JaVale Vindicated Scoreboard Matchup 1 (Oct 17 - 22),3,Nerlens Jazz (5-13-1),0.4797,0.75,21,138,53,28,27,49,305,3-6-0,1,-1
5,5,JaVale Vindicated Scoreboard Matchup 1 (Oct 17 - 22),3,Players Only Meeting (13-5-1),0.4386,0.8804,34,142,88,33,14,66,451,6-3-0,1,1
6,6,JaVale Vindicated Scoreboard Matchup 1 (Oct 17 - 22),4,Ithaca is Gorges (9-10),0.4472,0.8375,25,156,72,25,15,68,346,4-5-0,1,-1
7,7,JaVale Vindicated Scoreboard Matchup 1 (Oct 17 - 22),4,Too Easy (10-9),0.4375,0.7541,42,161,105,20,14,61,382,5-4-0,1,1
8,8,JaVale Vindicated Scoreboard Matchup 1 (Oct 17 - 22),5,Mr Steal  Your Ball (8-9-2),0.4866,0.8161,42,148,86,33,16,52,477,6-3-0,1,1
9,9,JaVale Vindicated Scoreboard Matchup 1 (Oct 17 - 22),5,The Real Power (11-8),0.4567,0.8641,29,128,81,22,19,51,392,3-6-0,1,-1
10,10,JaVale Vindicated Scoreboard Matchup 1 (Oct 17 - 22),6,Da Bulter is in Town (9-9-1),0.4037,0.7975,33,134,80,26,13,48,314,6-3-0,1,1
11,11,JaVale Vindicated Scoreboard Matchup 1 (Oct 17 - 22),6,Team Orbs (11-8),0.4293,0.7237,18,131,95,12,12,46,243,3-6-0,1,-1
12,12,JaVale Vindicated Scoreboard Matchup 2 (Oct 23 - 29),1,The Dazzling Lobcity Stars (4-15),0.4508,0.6719,21,119,50,22,19,44,284,1-8-0,2,-1
13,13,JaVale Vindicated Scoreboard Matchup 2 (Oct 23 - 29),1,Ithaca is Gorges (9-10),0.4677,0.7881,45,205,113,40,25,65,500,8-1-0,2,1
14,14,JaVale Vindicated Scoreboard Matchup 2 (Oct 23 - 29),2,Team Rocket (13-6),0.4765,0.6587,49,238,94,24,25,55,518,6-3-0,2,1
15,15,JaVale Vindicated Scoreboard Matchup 2 (Oct 23 - 29),2,Old City Irony (11-7-1),0.4524,0.7665,46,202,110,20,20,64,592,3-6-0,2,-1
16,16,JaVale Vindicated Scoreboard Matchup 2 (Oct 23 - 29),3,Center City ABDs (7-12),0.4542,0.9194,39,87,64,28,6,59,334,3-5-1,2,-1
17,17,JaVale Vindicated Scoreboard Matchup 2 (Oct 23 - 29),3,Nerlens Jazz (5-13-1),0.5408,0.8472,26,110,64,13,13,35,339,5-3-1,2,1
18,18,JaVale Vindicated Scoreboard Matchup 2 (Oct 23 - 29),4,Players Only Meeting (13-5-1),0.4587,0.7434,49,171,79,26,27,70,477,2-7-0,2,-1
19,19,JaVale Vindicated Scoreboard Matchup 2 (Oct 23 - 29),4,Mr Steal  Your Ball (8-9-2),0.4681,0.781,70,164,104,36,12,59,617,7-2-0,2,1
20,20,JaVale Vindicated Scoreboard Matchup 2 (Oct 23 - 29),5,Too Easy (10-9),0.5,0.8214,39,178,120,35,26,84,476,8-1-0,2,1
21,21,JaVale Vindicated Scoreboard Matchup 2 (Oct 23 - 29),5,Da Bulter is in Town (9-9-1),0.4235,0.76,33,172,103,22,17,73,369,1-8-0,2,-1
22,22,JaVale Vindicated Scoreboard Matchup 2 (Oct 23 - 29),6,The Real Power (11-8),0.4711,0.8136,40,173,134,29,15,84,478,5-4-0,2,1
23,23,JaVale Vindicated Scoreboard Matchup 2 (Oct 23 - 29),6,Team Orbs (11-8),0.5287,0.732,24,219,96,34,13,68,445,4-5-0,2,-1
24,24,JaVale Vindicated Scoreboard Matchup 3 (Oct 30 - Nov 5),1,Da Bulter is in Town (9-9-1),0.4882,0.8049,58,206,109,24,20,70,569,8-1-0,3,1
25,25,JaVale Vindicated Scoreboard Matchup 3 (Oct 30 - Nov 5),1,The Dazzling Lobcity Stars (4-15),0.5125,0.7324,55,178,81,22,16,76,517,1-8-0,3,-1
26,26,JaVale Vindicated Scoreboard Matchup 3 (Oct 30 - Nov 5),2,Old City Irony (11-7-1),0.4821,0.7977,62,213,106,30,24,84,630,7-2-0,3,1
27,27,JaVale Vindicated Scoreboard Matchup 3 (Oct 30 - Nov 5),2,Nerlens Jazz (5-13-1),0.4739,0.8659,29,122,81,19,12,55,336,2-7-0,3,-1
28,28,JaVale Vindicated Scoreboard Matchup 3 (Oct 30 - Nov 5),3,Ithaca is Gorges (9-10),0.4461,0.6915,29,189,120,33,24,64,400,3-5-1,3,-1
29,29,JaVale Vindicated Scoreboard Matchup 3 (Oct 30 - Nov 5),3,Team Rocket (13-6),0.4601,0.7372,38,232,119,32,24,74,545,5-3-1,3,1
30,30,JaVale Vindicated Scoreboard Matchup 3 (Oct 30 - Nov 5),4,Mr Steal  Your Ball (8-9-2),0.4296,0.8101,70,147,84,37,19,70,494,3-5-1,3,-1
31,31,JaVale Vindicated Scoreboard Matchup 3 (Oct 30 - Nov 5),4,Center City ABDs (7-12),0.4481,0.866,56,156,88,26,17,44,494,5-3-1,3,1
32,32,JaVale Vindicated Scoreboard Matchup 3 (Oct 30 - Nov 5),5,Team Orbs (11-8),0.4861,0.7712,39,215,91,22,18,58,480,4-5-0,3,-1
33,33,JaVale Vindicated Scoreboard Matchup 3 (Oct 30 - Nov 5),5,Players Only Meeting (13-5-1),0.4587,0.863,58,178,79,30,29,83,606,5-4-0,3,1
34,34,JaVale Vindicated Scoreboard Matchup 3 (Oct 30 - Nov 5),6,The Real Power (11-8),0.5303,0.7573,49,175,145,43,17,72,565,6-3-0,3,1
35,35,JaVale Vindicated Scoreboard Matchup 3 (Oct 30 - Nov 5),6,Too Easy (10-9),0.5136,0.6702,42,169,153,40,21,62,483,3-6-0,3,-1
36,36,JaVale Vindicated Scoreboard Matchup 4 (Nov 6 - 12),1,The Dazzling Lobcity Stars (4-15),0.4488,0.8034,25,149,53,28,15,44,373,5-4-0,4,1
37,37,JaVale Vindicated Scoreboard Matchup 4 (Nov 6 - 12),1,The Real Power (11-8),0.4331,0.8265,31,128,76,24,14,57,384,4-5-0,4,-1
38,38,JaVale Vindicated Scoreboard Matchup 4 (Nov 6 - 12),2,Ithaca is Gorges (9-10),0.443,0.7232,31,200,119,30,28,69,392,4-5-0,4,-1
39,39,JaVale Vindicated Scoreboard Matchup 4 (Nov 6 - 12),2,Old City Irony (11-7-1),0.4548,0.824,30,203,69,18,26,67,475,5-4-0,4,1
40,40,JaVale Vindicated Scoreboard Matchup 4 (Nov 6 - 12),3,Nerlens Jazz (5-13-1),0.4395,0.8831,23,90,61,19,14,48,309,3-6-0,4,-1
41,41,JaVale Vindicated Scoreboard Matchup 4 (Nov 6 - 12),3,Mr Steal  Your Ball (8-9-2),0.4811,0.7363,56,175,93,22,12,73,505,6-3-0,4,1
42,42,JaVale Vindicated Scoreboard Matchup 4 (Nov 6 - 12),4,Team Rocket (13-6),0.4985,0.7414,39,180,109,28,21,64,451,5-3-1,4,1
43,43,JaVale Vindicated Scoreboard Matchup 4 (Nov 6 - 12),4,Da Bulter is in Town (9-9-1),0.4505,0.7419,39,144,95,32,17,57,372,3-5-1,4,-1
44,44,JaVale Vindicated Scoreboard Matchup 4 (Nov 6 - 12),5,Center City ABDs (7-12),0.4377,0.7333,27,163,59,25,22,53,381,1-8-0,4,-1
45,45,JaVale Vindicated Scoreboard Matchup 4 (Nov 6 - 12),5,Team Orbs (11-8),0.487,0.7717,37,176,99,38,13,52,509,8-1-0,4,1
46,46,JaVale Vindicated Scoreboard Matchup 4 (Nov 6 - 12),6,Players Only Meeting (13-5-1),0.4403,0.8,51,186,97,40,19,59,509,7-2-0,4,1
47,47,JaVale Vindicated Scoreboard Matchup 4 (Nov 6 - 12),6,Too Easy (10-9),0.4623,0.7126,45,149,95,23,23,64,401,2-7-0,4,-1
48,48,JaVale Vindicated Scoreboard Matchup 5 (Nov 13 - 19),1,Players Only Meeting (13-5-1),0.4094,0.8542,47,159,86,30,16,68,441,4-5-0,5,-1
49,49,JaVale Vindicated Scoreboard Matchup 5 (Nov 13 - 19),1,The Dazzling Lobcity Stars (4-15),0.4533,0.6941,31,184,87,17,25,55,420,5-4-0,5,1
50,50,JaVale Vindicated Scoreboard Matchup 5 (Nov 13 - 19),2,Old City Irony (11-7-1),0.4358,0.8107,36,217,79,37,26,51,533,6-2-1,5,1
51,51,JaVale Vindicated Scoreboard Matchup 5 (Nov 13 - 19),2,Mr Steal  Your Ball (8-9-2),0.4687,0.7429,48,137,66,37,6,53,414,2-6-1,5,-1
52,52,JaVale Vindicated Scoreboard Matchup 5 (Nov 13 - 19),3,Da Bulter is in Town (9-9-1),0.4562,0.9009,57,189,103,24,18,61,501,4-5-0,5,-1
53,53,JaVale Vindicated Scoreboard Matchup 5 (Nov 13 - 19),3,Ithaca is Gorges (9-10),0.4568,0.746,46,196,101,29,21,58,389,5-4-0,5,1
54,54,JaVale Vindicated Scoreboard Matchup 5 (Nov 13 - 19),4,Team Orbs (11-8),0.4686,0.8229,23,191,108,27,14,59,430,6-3-0,5,1
55,55,JaVale Vindicated Scoreboard Matchup 5 (Nov 13 - 19),4,Nerlens Jazz (5-13-1),0.4618,0.8023,28,119,95,31,11,51,351,3-6-0,5,-1
56,56,JaVale Vindicated Scoreboard Matchup 5 (Nov 13 - 19),5,The Real Power (11-8),0.4738,0.7553,48,215,122,28,21,89,499,7-2-0,5,1
57,57,JaVale Vindicated Scoreboard Matchup 5 (Nov 13 - 19),5,Team Rocket (13-6),0.4755,0.7414,40,184,90,25,15,58,436,2-7-0,5,-1
58,58,JaVale Vindicated Scoreboard Matchup 5 (Nov 13 - 19),6,Too Easy (10-9),0.5013,0.7907,44,197,132,33,27,64,536,7-2-0,5,1
59,59,JaVale Vindicated Scoreboard Matchup 5 (Nov 13 - 19),6,Center City ABDs (7-12),0.4906,0.7424,58,147,77,13,25,51,419,2-7-0,5,-1
60,60,JaVale Vindicated Scoreboard Matchup 6 (Nov 20 - 26),1,Center City ABDs (7-12),0.453,0.8684,39,118,83,27,12,45,365,5-4-0,6,1
61,61,JaVale Vindicated Scoreboard Matchup 6 (Nov 20 - 26),1,The Dazzling Lobcity Stars (4-15),0.4313,0.6753,32,181,91,28,29,51,360,4-5-0,6,-1
62,62,JaVale Vindicated Scoreboard Matchup 6 (Nov 20 - 26),2,Da Bulter is in Town (9-9-1),0.4595,0.8082,45,136,98,33,13,53,410,5-4-0,6,1
63,63,JaVale Vindicated Scoreboard Matchup 6 (Nov 20 - 26),2,Old City Irony (11-7-1),0.455,0.8197,38,175,97,20,18,67,502,4-5-0,6,-1
64,64,JaVale Vindicated Scoreboard Matchup 6 (Nov 20 - 26),3,Mr Steal  Your Ball (8-9-2),0.4382,0.8116,36,147,69,38,20,66,390,3-6-0,6,-1
65,65,JaVale Vindicated Scoreboard Matchup 6 (Nov 20 - 26),3,Team Orbs (11-8),0.4636,0.7736,38,225,109,35,14,59,464,6-3-0,6,1
66,66,JaVale Vindicated Scoreboard Matchup 6 (Nov 20 - 26),4,Ithaca is Gorges (9-10),0.4625,0.7889,32,151,71,16,13,46,387,3-6-0,6,-1
67,67,JaVale Vindicated Scoreboard Matchup 6 (Nov 20 - 26),4,The Real Power (11-8),0.452,0.7339,45,165,109,21,30,51,494,6-3-0,6,1
68,68,JaVale Vindicated Scoreboard Matchup 6 (Nov 20 - 26),5,Nerlens Jazz (5-13-1),0.4863,0.7162,36,112,69,33,11,65,373,1-8-0,6,-1
69,69,JaVale Vindicated Scoreboard Matchup 6 (Nov 20 - 26),5,Too Easy (10-9),0.4784,0.7722,40,148,84,34,19,56,433,8-1-0,6,1
70,70,JaVale Vindicated Scoreboard Matchup 6 (Nov 20 - 26),6,Team Rocket (13-6),0.4535,0.7557,44,251,99,21,24,75,557,4-5-0,6,-1
71,71,JaVale Vindicated Scoreboard Matchup 6 (Nov 20 - 26),6,Players Only Meeting (13-5-1),0.4129,0.8289,61,158,104,50,18,70,508,5-4-0,6,1
72,72,JaVale Vindicated Scoreboard Matchup 7 (Nov 27 - Dec 3),1,The Dazzling Lobcity Stars (4-15),0.4986,0.754,43,154,105,17,24,57,504,6-3-0,7,1
73,73,JaVale Vindicated Scoreboard Matchup 7 (Nov 27 - Dec 3),1,Nerlens Jazz (5-13-1),0.4954,0.8487,36,103,96,25,14,47,461,3-6-0,7,-1
74,74,JaVale Vindicated Scoreboard Matchup 7 (Nov 27 - Dec 3),2,Old City Irony (11-7-1),0.4759,0.7638,35,129,75,31,15,38,468,4-5-0,7,-1
75,75,JaVale Vindicated Scoreboard Matchup 7 (Nov 27 - Dec 3),2,Team Orbs (11-8),0.4592,0.7087,41,181,103,33,19,71,452,5-4-0,7,1
76,76,JaVale Vindicated Scoreboard Matchup 7 (Nov 27 - Dec 3),3,The Real Power (11-8),0.4894,0.7426,44,149,152,26,16,55,487,6-3-0,7,1
77,77,JaVale Vindicated Scoreboard Matchup 7 (Nov 27 - Dec 3),3,Da Bulter is in Town (9-9-1),0.4693,0.8571,39,147,98,30,11,53,405,3-6-0,7,-1
78,78,JaVale Vindicated Scoreboard Matchup 7 (Nov 27 - Dec 3),4,Too Easy (10-9),0.4528,0.7329,48,206,101,37,26,80,539,6-3-0,7,1
79,79,JaVale Vindicated Scoreboard Matchup 7 (Nov 27 - Dec 3),4,Mr Steal  Your Ball (8-9-2),0.4682,0.803,41,129,77,20,14,45,462,3-6-0,7,-1
80,80,JaVale Vindicated Scoreboard Matchup 7 (Nov 27 - Dec 3),5,Players Only Meeting (13-5-1),0.4441,0.8241,52,120,85,15,8,49,451,4-5-0,7,-1
81,81,JaVale Vindicated Scoreboard Matchup 7 (Nov 27 - Dec 3),5,Ithaca is Gorges (9-10),0.4565,0.8205,48,214,88,28,15,57,448,5-4-0,7,1
82,82,JaVale Vindicated Scoreboard Matchup 7 (Nov 27 - Dec 3),6,Center City ABDs (7-12),0.5235,0.8161,55,131,77,30,20,63,482,6-2-1,7,1
83,83,JaVale Vindicated Scoreboard Matchup 7 (Nov 27 - Dec 3),6,Team Rocket (13-6),0.5018,0.8675,41,131,66,20,19,48,387,2-6-1,7,-1
84,84,JaVale Vindicated Scoreboard Matchup 8 (Dec 4 - 10),1,Mr Steal  Your Ball (8-9-2),0.457,0.732,65,183,74,39,20,60,540,5-4-0,8,1
85,85,JaVale Vindicated Scoreboard Matchup 8 (Dec 4 - 10),1,The Dazzling Lobcity Stars (4-15),0.4735,0.7846,50,176,103,28,31,67,459,4-5-0,8,-1
86,86,JaVale Vindicated Scoreboard Matchup 8 (Dec 4 - 10),2,The Real Power (11-8),0.4554,0.8205,39,162,102,20,17,52,399,2-7-0,8,-1
87,87,JaVale Vindicated Scoreboard Matchup 8 (Dec 4 - 10),2,Old City Irony (11-7-1),0.4692,0.8521,44,212,106,33,16,65,561,7-2-0,8,1
88,88,JaVale Vindicated Scoreboard Matchup 8 (Dec 4 - 10),3,Team Orbs (11-8),0.4481,0.7941,29,171,114,19,8,59,465,2-7-0,8,-1
89,89,JaVale Vindicated Scoreboard Matchup 8 (Dec 4 - 10),3,Too Easy (10-9),0.5169,0.8072,42,157,124,27,32,60,475,7-2-0,8,1
90,90,JaVale Vindicated Scoreboard Matchup 8 (Dec 4 - 10),4,Da Bulter is in Town (9-9-1),0.4935,0.7863,46,164,81,28,14,38,516,7-2-0,8,1
91,91,JaVale Vindicated Scoreboard Matchup 8 (Dec 4 - 10),4,Players Only Meeting (13-5-1),0.4111,0.7416,25,114,47,30,15,51,327,2-7-0,8,-1
92,92,JaVale Vindicated Scoreboard Matchup 8 (Dec 4 - 10),5,Ithaca is Gorges (9-10),0.4894,0.6421,46,224,101,26,15,59,477,1-8-0,8,-1
93,93,JaVale Vindicated Scoreboard Matchup 8 (Dec 4 - 10),5,Center City ABDs (7-12),0.4955,0.7907,62,159,117,29,16,55,602,8-1-0,8,1
94,94,JaVale Vindicated Scoreboard Matchup 8 (Dec 4 - 10),6,Nerlens Jazz (5-13-1),0.4725,0.7685,40,145,87,27,19,49,467,2-6-1,8,-1
95,95,JaVale Vindicated Scoreboard Matchup 8 (Dec 4 - 10),6,Team Rocket (13-6),0.448,0.7232,53,187,106,33,19,45,522,6-2-1,8,1
96,96,JaVale Vindicated Scoreboard Matchup 9 (Dec 11 - 17),1,The Dazzling Lobcity Stars (4-15),0.4679,0.7,38,131,73,23,18,42,379,4-5-0,9,-1
97,97,JaVale Vindicated Scoreboard Matchup 9 (Dec 11 - 17),1,Team Orbs (11-8),0.4331,0.7068,21,206,124,28,12,50,445,5-4-0,9,1
98,98,JaVale Vindicated Scoreboard Matchup 9 (Dec 11 - 17),2,Old City Irony (11-7-1),0.4667,0.7652,44,197,84,36,16,48,537,8-1-0,9,1
99,99,JaVale Vindicated Scoreboard Matchup 9 (Dec 11 - 17),2,Too Easy (10-9),0.4568,0.8621,27,89,79,7,9,50,299,1-8-0,9,-1
100,100,JaVale Vindicated Scoreboard Matchup 9 (Dec 11 - 17),3,Players Only Meeting (13-5-1),0.4656,0.8542,54,154,84,24,29,62,433,6-3-0,9,1
101,101,JaVale Vindicated Scoreboard Matchup 9 (Dec 11 - 17),3,The Real Power (11-8),0.4716,0.7579,34,144,136,22,17,55,422,3-6-0,9,-1
102,102,JaVale Vindicated Scoreboard Matchup 9 (Dec 11 - 17),4,Center City ABDs (7-12),0.4325,0.8387,46,134,99,28,11,40,438,2-7-0,9,-1
103,103,JaVale Vindicated Scoreboard Matchup 9 (Dec 11 - 17),4,Da Bulter is in Town (9-9-1),0.4347,0.7521,53,174,105,38,13,61,490,7-2-0,9,1
104,104,JaVale Vindicated Scoreboard Matchup 9 (Dec 11 - 17),5,Team Rocket (13-6),0.4672,0.7248,37,200,116,42,24,55,458,7-2-0,9,1
105,105,JaVale Vindicated Scoreboard Matchup 9 (Dec 11 - 17),5,Mr Steal  Your Ball (8-9-2),0.45,0.7568,44,145,80,27,17,77,424,2-7-0,9,-1
106,106,JaVale Vindicated Scoreboard Matchup 9 (Dec 11 - 17),6,Nerlens Jazz (5-13-1),0.4441,0.8276,32,135,93,25,13,61,414,1-7-1,9,-1
107,107,JaVale Vindicated Scoreboard Matchup 9 (Dec 11 - 17),6,Ithaca is Gorges (9-10),0.4472,0.7041,47,187,111,38,27,61,438,7-1-1,9,1
108,108,JaVale Vindicated Scoreboard Matchup 10 (Dec 18 - 24),1,Too Easy (10-9),0.4514,0.7732,63,188,121,38,22,80,528,8-1-0,10,1
109,109,JaVale Vindicated Scoreboard Matchup 10 (Dec 18 - 24),1,The Dazzling Lobcity Stars (4-15),0.4098,0.6951,24,155,82,27,13,35,349,1-8-0,10,-1
110,110,JaVale Vindicated Scoreboard Matchup 10 (Dec 18 - 24),2,Players Only Meeting (13-5-1),0.4518,0.7778,59,173,89,44,20,58,499,5-4-0,10,1
111,111,JaVale Vindicated Scoreboard Matchup 10 (Dec 18 - 24),2,Old City Irony (11-7-1),0.4932,0.8193,45,185,114,25,14,63,473,4-5-0,10,-1
112,112,JaVale Vindicated Scoreboard Matchup 10 (Dec 18 - 24),3,The Real Power (11-8),0.4812,0.8095,40,122,111,27,14,60,466,4-5-0,10,-1
113,113,JaVale Vindicated Scoreboard Matchup 10 (Dec 18 - 24),3,Center City ABDs (7-12),0.4789,0.875,48,130,106,25,16,43,465,5-4-0,10,1
114,114,JaVale Vindicated Scoreboard Matchup 10 (Dec 18 - 24),4,Team Orbs (11-8),0.5442,0.8131,30,199,106,27,20,63,499,5-4-0,10,1
115,115,JaVale Vindicated Scoreboard Matchup 10 (Dec 18 - 24),4,Team Rocket (13-6),0.4754,0.7647,45,153,107,26,21,60,484,4-5-0,10,-1
116,116,JaVale Vindicated Scoreboard Matchup 10 (Dec 18 - 24),5,Da Bulter is in Town (9-9-1),0.4524,0.8018,55,173,105,30,22,70,486,5-4-0,10,1
117,117,JaVale Vindicated Scoreboard Matchup 10 (Dec 18 - 24),5,Nerlens Jazz (5-13-1),0.4678,0.8493,37,152,74,23,19,44,495,4-5-0,10,-1
118,118,JaVale Vindicated Scoreboard Matchup 10 (Dec 18 - 24),6,Mr Steal  Your Ball (8-9-2),0.4429,0.7711,22,130,80,30,14,43,334,1-7-1,10,-1
119,119,JaVale Vindicated Scoreboard Matchup 10 (Dec 18 - 24),6,Ithaca is Gorges (9-10),0.4653,0.8194,53,170,103,30,17,71,420,7-1-1,10,1
120,120,JaVale Vindicated Scoreboard Matchup 11 (Dec 25 - 31),1,Old City Irony (11-7-1),0.4883,0.775,32,172,81,21,27,61,501,5-4-0,11,1
121,121,JaVale Vindicated Scoreboard Matchup 11 (Dec 25 - 31),1,The Dazzling Lobcity Stars (4-15),0.4895,0.6737,44,125,83,15,15,46,434,4-5-0,11,-1
122,122,JaVale Vindicated Scoreboard Matchup 11 (Dec 25 - 31),2,Center City ABDs (7-12),0.411,0.8208,59,141,104,24,14,60,474,3-6-0,11,-1
123,123,JaVale Vindicated Scoreboard Matchup 11 (Dec 25 - 31),2,Players Only Meeting (13-5-1),0.4748,0.8189,68,171,97,28,35,64,586,6-3-0,11,1
124,124,JaVale Vindicated Scoreboard Matchup 11 (Dec 25 - 31),3,Team Rocket (13-6),0.4613,0.7174,43,157,95,21,14,43,431,2-7-0,11,-1
125,125,JaVale Vindicated Scoreboard Matchup 11 (Dec 25 - 31),3,Too Easy (10-9),0.4409,0.75,66,208,155,26,24,85,562,7-2-0,11,1
126,126,JaVale Vindicated Scoreboard Matchup 11 (Dec 25 - 31),4,Nerlens Jazz (5-13-1),0.4886,0.8841,42,160,103,35,19,58,508,7-2-0,11,1
127,127,JaVale Vindicated Scoreboard Matchup 11 (Dec 25 - 31),4,The Real Power (11-8),0.471,0.7816,23,159,104,29,12,47,383,2-7-0,11,-1
128,128,JaVale Vindicated Scoreboard Matchup 11 (Dec 25 - 31),5,Ithaca is Gorges (9-10),0.514,0.79,57,218,148,37,35,61,540,7-2-0,11,1
129,129,JaVale Vindicated Scoreboard Matchup 11 (Dec 25 - 31),5,Team Orbs (11-8),0.4909,0.8175,31,177,103,22,14,51,512,2-7-0,11,-1
130,130,JaVale Vindicated Scoreboard Matchup 11 (Dec 25 - 31),6,Mr Steal  Your Ball (8-9-2),0.4708,0.8267,35,152,85,27,18,32,371,4-4-1,11,0
131,131,JaVale Vindicated Scoreboard Matchup 11 (Dec 25 - 31),6,Da Bulter is in Town (9-9-1),0.4225,0.7955,49,128,91,28,18,40,470,4-4-1,11,0
132,132,JaVale Vindicated Scoreboard Matchup 12 (Jan 1 - 7),1,The Dazzling Lobcity Stars (4-15),0.4406,0.7407,30,135,71,29,16,46,342,3-6-0,12,-1
133,133,JaVale Vindicated Scoreboard Matchup 12 (Jan 1 - 7),1,Team Rocket (13-6),0.4497,0.7912,39,146,113,23,14,53,415,6-3-0,12,1
134,134,JaVale Vindicated Scoreboard Matchup 12 (Jan 1 - 7),2,Center City ABDs (7-12),0.422,0.8898,40,111,89,23,15,67,445,1-8-0,12,-1
135,135,JaVale Vindicated Scoreboard Matchup 12 (Jan 1 - 7),2,Old City Irony (11-7-1),0.5062,0.75,41,161,113,32,19,60,531,8-1-0,12,1
136,136,JaVale Vindicated Scoreboard Matchup 12 (Jan 1 - 7),3,Players Only Meeting (13-5-1),0.4516,0.8652,57,157,79,29,20,61,470,5-3-1,12,1
137,137,JaVale Vindicated Scoreboard Matchup 12 (Jan 1 - 7),3,Nerlens Jazz (5-13-1),0.4887,0.8966,33,135,105,24,20,65,439,3-5-1,12,-1
138,138,JaVale Vindicated Scoreboard Matchup 12 (Jan 1 - 7),4,Too Easy (10-9),0.4454,0.6897,40,160,98,22,21,56,402,6-3-0,12,1
139,139,JaVale Vindicated Scoreboard Matchup 12 (Jan 1 - 7),4,Ithaca is Gorges (9-10),0.4407,0.8313,25,166,82,25,14,57,354,3-6-0,12,-1
140,140,JaVale Vindicated Scoreboard Matchup 12 (Jan 1 - 7),5,The Real Power (11-8),0.5042,0.7982,50,185,101,36,23,58,503,7-2-0,12,1
141,141,JaVale Vindicated Scoreboard Matchup 12 (Jan 1 - 7),5,Mr Steal  Your Ball (8-9-2),0.4906,0.8542,30,118,61,27,15,38,331,2-7-0,12,-1
142,142,JaVale Vindicated Scoreboard Matchup 12 (Jan 1 - 7),6,Team Orbs (11-8),0.5,0.8333,35,177,114,23,6,56,497,6-3-0,12,1
143,143,JaVale Vindicated Scoreboard Matchup 12 (Jan 1 - 7),6,Da Bulter is in Town (9-9-1),0.4677,0.8776,22,89,46,13,7,18,239,3-6-0,12,-1
144,144,JaVale Vindicated Scoreboard Matchup 13 (Jan 8 - 14),1,Ithaca is Gorges (9-10),0.5065,0.7113,38,211,137,41,30,88,499,7-2-0,13,1
145,145,JaVale Vindicated Scoreboard Matchup 13 (Jan 8 - 14),1,The Dazzling Lobcity Stars (4-15),0.4759,0.7313,37,126,65,26,6,55,362,2-7-0,13,-1
146,146,JaVale Vindicated Scoreboard Matchup 13 (Jan 8 - 14),2,Old City Irony (11-7-1),0.4495,0.8397,32,158,112,35,15,56,498,4-5-0,13,-1
147,147,JaVale Vindicated Scoreboard Matchup 13 (Jan 8 - 14),2,Team Rocket (13-6),0.4817,0.713,37,191,90,27,24,53,461,5-4-0,13,1
148,148,JaVale Vindicated Scoreboard Matchup 13 (Jan 8 - 14),3,Nerlens Jazz (5-13-1),0.5026,0.819,59,139,98,43,15,65,537,5-4-0,13,1
149,149,JaVale Vindicated Scoreboard Matchup 13 (Jan 8 - 14),3,Center City ABDs (7-12),0.4274,0.8241,30,148,89,30,18,61,419,4-5-0,13,-1
150,150,JaVale Vindicated Scoreboard Matchup 13 (Jan 8 - 14),4,Mr Steal  Your Ball (8-9-2),0.4653,0.7342,40,174,60,31,24,50,406,4-4-1,13,0
151,151,JaVale Vindicated Scoreboard Matchup 13 (Jan 8 - 14),4,Players Only Meeting (13-5-1),0.4394,0.7692,47,148,58,31,26,56,465,4-4-1,13,0
152,152,JaVale Vindicated Scoreboard Matchup 13 (Jan 8 - 14),5,Da Bulter is in Town (9-9-1),0.4286,0.8364,29,131,73,25,5,40,303,5-4-0,13,1
153,153,JaVale Vindicated Scoreboard Matchup 13 (Jan 8 - 14),5,Too Easy (10-9),0.4196,0.8409,18,127,78,14,16,31,269,4-5-0,13,-1
154,154,JaVale Vindicated Scoreboard Matchup 13 (Jan 8 - 14),6,Team Orbs (11-8),0.4357,0.7451,25,173,115,23,14,53,433,2-7-0,13,-1
155,155,JaVale Vindicated Scoreboard Matchup 13 (Jan 8 - 14),6,The Real Power (11-8),0.4605,0.7669,44,183,109,34,20,62,496,7-2-0,13,1
156,156,JaVale Vindicated Scoreboard Matchup 14 (Jan 15 - 21),1,The Dazzling Lobcity Stars (4-15),0.4549,0.8219,33,113,80,10,10,42,355,6-2-1,14,1
157,157,JaVale Vindicated Scoreboard Matchup 14 (Jan 15 - 21),1,Da Bulter is in Town (9-9-1),0.451,0.8276,28,73,46,22,10,47,260,2-6-1,14,-1
158,158,JaVale Vindicated Scoreboard Matchup 14 (Jan 15 - 21),2,Nerlens Jazz (5-13-1),0.4635,0.7565,24,131,96,37,16,51,403,4-4-1,14,0
159,159,JaVale Vindicated Scoreboard Matchup 14 (Jan 15 - 21),2,Old City Irony (11-7-1),0.4405,0.7315,43,174,96,20,17,55,470,4-4-1,14,0
160,160,JaVale Vindicated Scoreboard Matchup 14 (Jan 15 - 21),3,Team Rocket (13-6),0.491,0.75,48,180,96,34,26,41,513,5-4-0,14,1
161,161,JaVale Vindicated Scoreboard Matchup 14 (Jan 15 - 21),3,Ithaca is Gorges (9-10),0.4667,0.8182,44,201,112,37,23,52,465,4-5-0,14,-1
162,162,JaVale Vindicated Scoreboard Matchup 14 (Jan 15 - 21),4,Center City ABDs (7-12),0.4665,0.8721,39,148,88,27,21,40,462,4-5-0,14,-1
163,163,JaVale Vindicated Scoreboard Matchup 14 (Jan 15 - 21),4,Mr Steal  Your Ball (8-9-2),0.442,0.7595,44,182,79,49,22,55,470,5-4-0,14,1
164,164,JaVale Vindicated Scoreboard Matchup 14 (Jan 15 - 21),5,Players Only Meeting (13-5-1),0.4909,0.7891,69,165,78,39,24,49,602,8-1-0,14,1
165,165,JaVale Vindicated Scoreboard Matchup 14 (Jan 15 - 21),5,Team Orbs (11-8),0.4506,0.703,21,158,115,29,6,69,384,1-8-0,14,-1
166,166,JaVale Vindicated Scoreboard Matchup 14 (Jan 15 - 21),6,Too Easy (10-9),0.4973,0.7596,48,181,113,27,21,81,493,4-5-0,14,-1
167,167,JaVale Vindicated Scoreboard Matchup 14 (Jan 15 - 21),6,The Real Power (11-8),0.4524,0.7129,36,207,119,30,23,76,460,5-4-0,14,1
168,168,JaVale Vindicated Scoreboard Matchup 15 (Jan 22 - 28),1,The Real Power (11-8),0.458,0.8211,39,190,102,32,20,57,478,8-1-0,15,1
169,169,JaVale Vindicated Scoreboard Matchup 15 (Jan 22 - 28),1,The Dazzling Lobcity Stars (4-15),0.447,0.7297,27,117,61,20,13,31,351,1-8-0,15,-1
170,170,JaVale Vindicated Scoreboard Matchup 15 (Jan 22 - 28),2,Old City Irony (11-7-1),0.4817,0.7937,59,163,103,20,8,51,553,6-3-0,15,1
171,171,JaVale Vindicated Scoreboard Matchup 15 (Jan 22 - 28),2,Ithaca is Gorges (9-10),0.465,0.7706,45,244,97,23,34,59,461,3-6-0,15,-1
172,172,JaVale Vindicated Scoreboard Matchup 15 (Jan 22 - 28),3,Mr Steal  Your Ball (8-9-2),0.4595,0.8415,49,149,71,35,17,49,436,4-3-2,15,1
173,173,JaVale Vindicated Scoreboard Matchup 15 (Jan 22 - 28),3,Nerlens Jazz (5-13-1),0.4735,0.732,36,127,92,35,18,49,375,3-4-2,15,-1
174,174,JaVale Vindicated Scoreboard Matchup 15 (Jan 22 - 28),4,Da Bulter is in Town (9-9-1),0.4643,0.7526,47,151,89,31,12,52,406,3-6-0,15,-1
175,175,JaVale Vindicated Scoreboard Matchup 15 (Jan 22 - 28),4,Team Rocket (13-6),0.4506,0.7755,45,235,93,34,34,68,533,6-3-0,15,1
176,176,JaVale Vindicated Scoreboard Matchup 15 (Jan 22 - 28),5,Team Orbs (11-8),0.4637,0.6585,22,193,125,24,11,69,473,5-4-0,15,1
177,177,JaVale Vindicated Scoreboard Matchup 15 (Jan 22 - 28),5,Center City ABDs (7-12),0.4444,0.88,33,150,84,25,1,57,387,4-5-0,15,-1
178,178,JaVale Vindicated Scoreboard Matchup 15 (Jan 22 - 28),6,Too Easy (10-9),0.4921,0.75,45,188,120,18,23,64,510,4-5-0,15,-1
179,179,JaVale Vindicated Scoreboard Matchup 15 (Jan 22 - 28),6,Players Only Meeting (13-5-1),0.4222,0.7931,44,175,90,36,31,56,539,5-4-0,15,1
180,180,JaVale Vindicated Scoreboard Matchup 16 (Jan 29 - Feb 4),1,The Dazzling Lobcity Stars (4-15),0.4671,0.717,30,115,68,20,16,47,352,1-8-0,16,-1
181,181,JaVale Vindicated Scoreboard Matchup 16 (Jan 29 - Feb 4),1,Players Only Meeting (13-5-1),0.47,0.7984,66,184,91,40,40,62,623,8-1-0,16,1
182,182,JaVale Vindicated Scoreboard Matchup 16 (Jan 29 - Feb 4),2,Mr Steal  Your Ball (8-9-2),0.4899,0.7671,45,122,75,28,11,40,439,3-6-0,16,-1
183,183,JaVale Vindicated Scoreboard Matchup 16 (Jan 29 - Feb 4),2,Old City Irony (11-7-1),0.4856,0.8607,49,179,116,21,17,48,560,6-3-0,16,1
184,184,JaVale Vindicated Scoreboard Matchup 16 (Jan 29 - Feb 4),3,Ithaca is Gorges (9-10),0.4789,0.8056,34,206,87,39,20,60,410,3-6-0,16,-1
185,185,JaVale Vindicated Scoreboard Matchup 16 (Jan 29 - Feb 4),3,Da Bulter is in Town (9-9-1),0.5054,0.8804,41,214,106,37,16,73,496,6-3-0,16,1
186,186,JaVale Vindicated Scoreboard Matchup 16 (Jan 29 - Feb 4),4,Nerlens Jazz (5-13-1),0.4896,0.8347,28,113,90,24,15,43,459,3-6-0,16,-1
187,187,JaVale Vindicated Scoreboard Matchup 16 (Jan 29 - Feb 4),4,Team Orbs (11-8),0.4564,0.8571,43,176,156,32,11,73,505,6-3-0,16,1
188,188,JaVale Vindicated Scoreboard Matchup 16 (Jan 29 - Feb 4),5,Team Rocket (13-6),0.4799,0.8365,58,182,102,35,22,50,551,5-4-0,16,1
189,189,JaVale Vindicated Scoreboard Matchup 16 (Jan 29 - Feb 4),5,The Real Power (11-8),0.4724,0.6932,45,183,116,37,25,70,466,4-5-0,16,-1
190,190,JaVale Vindicated Scoreboard Matchup 16 (Jan 29 - Feb 4),6,Center City ABDs (7-12),0.4197,0.8317,34,142,97,25,24,66,416,5-3-1,16,1
191,191,JaVale Vindicated Scoreboard Matchup 16 (Jan 29 - Feb 4),6,Too Easy (10-9),0.4691,0.7976,32,161,91,25,18,60,403,3-5-1,16,-1
